SET search_path = "Rakuro2.0";

INSERT INTO Person (SSN, first_name, middle_name, last_name, street, postal_code, city, province,country) VALUES
('047189473', 'Xavier', NULL, 'Lumiere', '45 Light Street', 'K1L6Y7', 'Philos', 'Wanderer', 'Space'),
('098562741', 'Satoru', NULL, 'Gojo', '123 Domain Expansion', '456123', 'Yuh', 'Osaka', 'Japan'),
('098759471', 'Kim', NULL, 'Chaewon', '1 Chaewon Street', 'C1H2C3', 'Moscow', 'Moscow', 'Russia'),
('111111111', 'Veronica', NULL, 'Nartatez', '123 Amazing Avenue', 'M1T7P2', 'Ottawa', 'Ontario', 'Canada'),
('123053269', 'Tom', 'Junior', 'Timmy', '12 Rain Crescent', 'T1P3Q4', 'Toronto', 'Ontario', 'Canada'),
('123456729', 'Sylus', NULL, 'Dragon', '109 Zone', 'N1F0Y7', '324 Mafia Street', 'Deep', 'Space'),
('123456743', 'Country', NULL, 'Miller', '30 iCarly', 'M1M2M3', 'LA', 'California', 'USA'),
('123456789', 'Kunala', NULL, 'Deotare', '45 Mann Avenue', 'K1N6Y7', 'Ottawa', 'Ontario', 'Canada'),
('213456873', 'Shayne', NULL, 'Top', '30 iCarly', 'M1M2M3', 'LA', 'California', 'USA'),
('213546879', 'Tyler', 'Zane Lee', 'Firingstoney', '123 Cool Street', '123123', 'Sitee', 'Provence', 'Kountry'),
('214365879', 'Rafayel', NULL, 'Lemurian', '45 Blub Avenue', 'C1C2C3', 'Bubbles', 'Atlantic', 'Lemura'),
('222222222', 'Rachel', NULL, 'Luo', '45 Mann Avenue', 'K1N6Y7', 'Ottawa', 'Ontario', 'Canada'),
('234705729', 'Harry', 'Walker', 'Li', '78 Nice Good', 'M1Q5V6', 'Hill', 'Ohio', 'USA'),
('281759471', 'Gaara', NULL, 'Sand', '1 Sand Street', 'F1F2F3', 'Sand Village ', 'Land of Fire', 'Japan'),
('284626355', 'Leon', NULL, 'Kennedy', '45 Wow Avenue', 'L0T1T2', 'Racoon City', 'ResidentE', 'USA'),
('301427564', 'Peppa', NULL, 'Pig', '1 Pork Ave', 'P1I2G3', 'Oink', 'Pork Belly', 'Big Oink'),
('312645978', 'Veronica', 'Zane Lee', 'Firingstoney', '123 Cool Street', '123123', 'Sitee', 'Provence', 'Kountry'),
('321645978', 'Alejandro', ' The', 'Engineer', '123 Nasa Street', 'C1C2C3', 'Orlando', 'Florida', 'USA'),
('333333333', 'Tom', 'Bob', 'Timmy', '12 Rain Crescent', 'T1P3Q4', 'Toronto', 'Ontario', 'Canada'),
('365884377', 'Angelica', 'Angel', 'Wells', '22 Bright Avenue', 'J1K2M2', 'Nice', 'Sky', 'Africa'),
('381759471', 'Naruto', NULL, 'Uzumaki', '1 Uzumaki Street', 'E1E2E3', 'Leaf Village ', 'Land of Fire', 'Japan'),
('381759511', 'Huh', NULL, 'Yunjuin', '1 Lesserafim Street', 'K1A2D3', 'Seoul', 'Gyeonggi-do', 'South Korea'),
('382349471', 'Hinata', NULL, 'Uzumaki', '1 Uzumaki Street', 'E1E2E3', 'Leaf Village ', 'Land of Fire', 'Japan'),
('385647382', 'Ashley', 'Daisy', 'Williams', '52 Smile Street', 'M4N2Y9', 'Grass', 'Idaho', 'USA'),
('465970687', 'Paul', 'Joshua', 'Bonny', '45 Hello There', 'L0L1T2', 'Paris', 'Jillian', 'France'),
('501759471', 'Sasuke', NULL, 'Uchiha', '1 Uchiha Street', 'P1U2U3', 'Leaf Village ', 'Land of Fire', 'Japan'),
('521343589', 'Michael', 'Gary', 'Scott', '44 Schrute Farms', 'K1K2K3', 'Scranton', 'Somewhere', 'USA'),
('521356789', 'Dwight', 'K', 'Schrute', '45 Schrute Farms', 'L1L2L3', 'Scranton', 'Somewhere', 'USA'),
('524729579', 'Pam', NULL, 'Halpert', '12 Art Street', 'P1P2P3', 'Scranton', 'Somewhere', 'USA'),
('529172937', 'Kamala', NULL, 'Bavington', '11 Housebringer Road', 'N7V9G7', 'Paris', 'Ile-de-France', 'France'),
('563891123', 'John', 'Davidson', 'James', '27 Keyline Avenue', 'K9J0K8', 'Vancouver', 'British Columbia', 'Canada'),
('566365732', 'Vaporean', 'Sylveon', 'Eevee', '12 Rainbow Street', 'G6G7D2', 'Water', 'Florida', 'USA'),
('572425499', 'Bob', 'Johnathon', 'Ross', '12 Rainy Street', 'G6H7D2', 'Water', 'Florida', 'USA'),
('572966393', 'Lily', NULL, 'Sam', '12 Happy Street', 'H1L0M9', 'Prank', 'Texas', 'USA'),
('686787978', 'Psyduck', 'Headache', 'Golduck', '12 Splash Street', 'Z2Z3C4', 'Galar', 'Flames', 'Africa'),
('731259222', 'Jimin', NULL, 'BTS', '1 BTS Street', 'B1T2S3', 'Bangtang ', 'Seoul', 'South Korea'),
('747382013', 'Belle', NULL, 'Phalphinios', '10 Luxembourg Court', 'M8B1S3', 'Halifax', 'Ontario', 'Canada'),
('752946877', 'Ramesh', 'Gill', 'Koraveli', '9800 Hamburg Place', 'J8B6C1', 'London', 'Ontario', 'Canada'),
('757676788', 'Ditto', NULL, 'Purple', '55 Transform Street', 'B3X1H1', 'Hoenn', 'Pokemon', 'Germany'),
('900264923', 'Samuel', 'Alexander', 'Till', '11 Happy Street', 'Z2X3C4', 'Bengaluru', 'CoolPlace', 'India'),
('927728190', 'Katherine', 'Alexander', 'Till', '12 Happy Street', 'Z2X3C4', 'Bengaluru', 'CoolPlace', 'India'),
('959668695', 'Charmander', 'Charmeleon', 'Charizard', '22 Fire Avenue', 'J1P2M2', 'Galar', 'Flames', 'Africa'),
('999223544', 'Snorlax', NULL, 'Munchlax', '11 Sleepy Street', 'Z2Z3C4', 'Unova', 'NicePlace', 'India'),
('999473677', 'Pikachu', 'Electric', 'Raichu', '78 Brook Street', 'M1A5V6', 'Kanto', 'Ohio', 'USA'),
('999556643', 'Ada', NULL, 'Wong', '55 Cloudy Street', 'B3N1H1', 'Berlin', 'Poll', 'Germany');

INSERT INTO hotel_chain
VALUES(
    'Carlton',
    '934220',
    'El Camino Road',
    'Atascadero',
    'California',
    'USA'
),(
    'Sheraton',
    'L2G3K7',
    'Falls Avenue',
    'Niagara Falls',
    'Ontario',
    'Canada'
),(
    'Hilton',
    'H5Z3K1',
    'Downsview Road',
    'Halifax',
    'Ontario',
    'Canada'
),(
    'Fairmont',
    'A8B6K9',
    'Rue Montcalm',
    'Montreal',
    'Quebec',
    'Canada'
),(
    'Marriott',
    'K1P5R7',
    'Kent Street',
    'Edmonton',
    'Alberta',
    'Canada'
);

INSERT INTO Hotel (hotel_chain_name, hotel_number, postal_code,street, city, province, country, rating, manager_SSN) VALUES
('Carlton', 1, 'Q1W2E3', '12 Great Street', 'Prank', 'Texas', 'USA', 2, '572966393'),
('Carlton', 2, 'V1B7N7', '12 Perfect Street', 'Paris', 'Jillian', 'France', 4, '465970687'),
('Carlton', 3, 'A1A2W2', '12 Bad Street', 'Hill', 'Ohio', 'USA', 1, '234705729'),
('Carlton', 4, 'B1B3Q3', '12 Incredible Street', 'Bengaluru', 'CoolPlace', 'India', 3, '900264923'),
('Carlton', 5, 'C1C2B2', '12 Why Street', 'Water', 'Florida', 'USA', 2, '572425499'),
('Carlton', 6, 'D9D8L8', '12 Wow Street', 'Berlin', 'Poll', 'Germany', 4, '999556643'),
('Carlton', 7, 'E3E7Y7', '12 Grey Street', 'Nice', 'Sky', 'Africa', 3, '365884377'),
('Carlton', 8, 'E3E7Y7', '72 Pink Street', 'Nice', 'Sky', 'Africa', 4, '927728190'),
('Fairmont', 1, 'G1G2G3', '425 Rue Calme', 'Montreal', 'Quebec', 'Canada', 2, '098562741'),
('Fairmont', 2, 'V1V2V3', '786 Tent', 'Crumpet', 'Biscoff', 'England', 1, '321645978'),
('Fairmont', 3, 'U1U2U3', '2 Invis Ave', 'Linkon City', 'Philos', 'Deepspace', 5, '123456729'),
('Fairmont', 4, 'S1S2S3', '2 Fishy Street', 'Blub', 'Blub', 'Lemuria', 5, '213456873'),
('Fairmont', 5, 'A8B2K9', '65 Honour', 'Badge', 'Burr', 'Alaska', 3, '123053269'),
('Fairmont', 6, 'S1S2S3', '2 Fishy Street', 'Blub', 'Blub', 'Lemuria', 5, '214365879'),
('Fairmont', 7, 'X1X2X3', '1 Director Street', 'LA', 'California', 'USA', 5, '123456743'),
('Fairmont', 8, 'A8B6K9', '123 Rue Montcalm', 'Montreal', 'Quebec', 'Canada', 5, '047189473'),
('Hilton', 1, 'N5Z8B8', 'Saint Edward Road', 'Ottawa', 'Ontario', 'Canada', 3, '123456789'),
('Hilton', 2, 'H7N9S3', 'Downtown Boulevard', 'Ottawa', 'Ontario', 'Canada', 2, '111111111'),
('Hilton', 3, 'M8X6D1', 'Avenue Joseph de Lus', 'Quebec City', 'Quebec', 'Canada', 4, '222222222'),
('Hilton', 4, 'B9C3V7', 'Westchestershire Dri', 'Chicago', 'Illinois', 'Canada', 3, '333333333'),
('Hilton', 5, 'H7V9S1', 'Columbia Avenue', 'Vancouver', 'British Columbia', 'Canada', 4, '563891123'),
('Hilton', 6, 'B8B2Z8', '7 Ghosted Road', 'Chicago', 'Illinois', 'USA', 3, '529172937'),
('Hilton', 7, 'N8W9Q7', '89 Narvik Road', 'Iqaluit', 'Nunavut', 'Canada', 1, '752946877'),
('Hilton', 8, 'A7G0J6', 'Johnston Crescent', 'Calgary', 'Alberta', 'Canada', 2, '747382013'),
('Marriott', 1, 'M4N2Z9', '51 Happy Street', 'Grass', 'Idaho', 'USA', 3, '385647382'),
('Marriott', 2, 'L0T1Z2', '48 Amazed Avenue', 'Racoon City', 'ResidentE', 'USA', 2, '284626355'),
('Marriott', 3, 'M1A5X6', '70 Daisy Street', 'Kanto', 'Ohio', 'USA', 4, '999473677'),
('Marriott', 4, 'Z2Z3D4', '15 Sleep Street', 'Unova', 'NicePlace', 'India', 3, '999223544'),
('Marriott', 5, 'G6G7A2', '15 Colourful Street', 'Water', 'Florida', 'USA', 4, '566365732'),
('Marriott', 6, 'B3X1P1', '58 Change Street', 'Hoenn', 'Pokemon', 'Germany', 3, '757676788'),
('Marriott', 7, 'J1P2L2', '20 Hot Avenue', 'Galar', 'Flames', 'Africa', 1, '959668695'),
('Marriott', 8, 'Z2Z3P4', '10 Pond Street', 'Galar', 'Flames', 'Africa', 2, '686787978'),
('Sheraton', 1, 'L1S2D3', '32 Glass Street', 'Sand Village', 'Land of Fire', 'Japan', 5, '281759471'),
('Sheraton', 2, 'I1I2I3', '1 Uchiha Street', 'Somewhere', 'Hidden', 'Unknown', 1, '501759471'),
('Sheraton', 3, 'L1Q2W3', '23 Lesserafim Street', 'Seoul', 'SeoulGyeonggi-do', 'South Korea', 4, '381759511'),
('Sheraton', 4, 'J1G4F3', '12 Chaewon Street', 'Moscow', 'Moscow', 'Russia', 3, '098759471'),
('Sheraton', 5, 'D1F2G3', '1 Street Ave', 'Line', 'Wave', 'Mexico', 5, '382349471'),
('Sheraton', 6, 'P5I6G7', '123 Meat', 'Oinkers', 'Pork Belly', 'Big Oink', 1, '301427564'),
('Sheraton', 7, 'V1V2B3', '90 BTS Street', 'Bangtang', 'Seoul', 'South Korea', 5, '731259222'),
('Sheraton', 8, 'A2B3C4', '12 Leaf Street', 'Leaf Village', 'Land of Fire', 'Japan', 5, '381759471');


INSERT INTO Employee (SSN, hotel_chain_name, hotel_number) VALUES
('572966393', 'Carlton', 1),
('465970687', 'Carlton', 2),
('234705729', 'Carlton', 3),
('900264923', 'Carlton', 4),
('572425499', 'Carlton', 5),
('999556643', 'Carlton', 6),
('365884377', 'Carlton', 7),
('927728190', 'Carlton', 8),
('098562741', 'Fairmont', 1),
('321645978', 'Fairmont', 2),
('123456729', 'Fairmont', 3),
('213456873', 'Fairmont', 4),
('123053269', 'Fairmont', 5),
('214365879', 'Fairmont', 6),
('123456743', 'Fairmont', 7),
('047189473', 'Fairmont', 8),
('123456789', 'Hilton', 1),
('111111111', 'Hilton', 2),
('222222222', 'Hilton', 3),
('333333333', 'Hilton', 4),
('563891123', 'Hilton', 5),
('529172937', 'Hilton', 6),
('752946877', 'Hilton', 7),
('747382013', 'Hilton', 8),
('385647382', 'Marriott', 1),
('284626355', 'Marriott', 2),
('999473677', 'Marriott', 3),
('999223544', 'Marriott', 4),
('566365732', 'Marriott', 5),
('757676788', 'Marriott', 6),
('959668695', 'Marriott', 7),
('686787978', 'Marriott', 8),
('281759471', 'Sheraton', 1),
('501759471', 'Sheraton', 2),
('381759511', 'Sheraton', 3),
('098759471', 'Sheraton', 4),
('382349471', 'Sheraton', 5),
('301427564', 'Sheraton', 6),
('731259222', 'Sheraton', 7),
('381759471', 'Sheraton', 8);



INSERT INTO employee_roles (SSN, role) VALUES
('047189473', 'manager'),
('098562741', 'manager'),
('098759471', 'manager'),
('111111111', 'manager'),
('123053269', 'manager'),
('123456729', 'manager'),
('123456743', 'manager'),
('123456789', 'manager'),
('213456873', 'manager'),
('214365879', 'manager'),
('222222222', 'manager'),
('234705729', 'manager'),
('281759471', 'manager'),
('284626355', 'manager'),
('301427564', 'manager'),
('321645978', 'manager'),
('333333333', 'manager'),
('365884377', 'manager'),
('381759471', 'manager'),
('381759511', 'manager'),
('382349471', 'manager'),
('385647382', 'manager'),
('465970687', 'manager'),
('501759471', 'manager'),
('529172937', 'manager'),
('563891123', 'manager'),
('566365732', 'manager'),
('572425499', 'manager'),
('572966393', 'manager'),
('686787978', 'manager'),
('731259222', 'manager'),
('747382013', 'manager'),
('752946877', 'manager'),
('757676788', 'manager'),
('900264923', 'manager'),
('927728190', 'manager'),
('959668695', 'manager'),
('999223544', 'manager'),
('999473677', 'manager'),
('999556643', 'manager');






INSERT INTO Room (hotel_chain_name, hotel_number, room_number, capacity, view_type, is_extendible, price) VALUES
('Carlton', 1, '123A', 4, 'mountain', false, '300.99'),
('Carlton', 1, '124', 2, 'mountain', true, '250.99'),
('Carlton', 1, '150B', 3, 'sea', true, '275.99'),
('Carlton', 1, '5', 1, 'sea', true, '115.99'),
('Carlton', 1, '8', 6, 'sea', false, '179.99'),
('Carlton', 2, '21', 4, 'sea', true, '310.99'),
('Carlton', 2, '22', 2, 'mountain', true, '230.99'),
('Carlton', 2, '23', 3, 'sea', false, '285.99'),
('Carlton', 2, '24', 1, 'mountain', false, '117.99'),
('Carlton', 2, '25', 5, 'sea', false, '629.99'),
('Carlton', 3, '30A', 4, 'sea', false, '320.99'),
('Carlton', 3, '32', 2, 'sea', true, '280.99'),
('Carlton', 3, '33B', 3, 'sea', true, '298.99'),
('Carlton', 3, '34', 6, 'sea', false, '199.99'),
('Carlton', 3, '35', 1, 'sea', false, '145.99'),
('Carlton', 4, '36', 4, 'sea', false, '310.99'),
('Carlton', 4, '37C', 2, 'mountain', true, '236.99'),
('Carlton', 4, '38A', 3, 'sea', false, '315.99'),
('Carlton', 4, '39', 1, 'mountain', false, '165.99'),
('Carlton', 4, '40', 5, 'mountain', true, '602.99'),
('Carlton', 5, '41', 4, 'sea', false, '300.99'),
('Carlton', 5, '42', 2, 'sea', false, '200.99'),
('Carlton', 5, '43A', 3, 'sea', true, '208.99'),
('Carlton', 5, '45B', 1, 'sea', false, '105.99'),
('Carlton', 5, '46C', 6, 'mountain', true, '109.99'),
('Carlton', 6, '50A', 4, 'sea', false, '457.99'),
('Carlton', 6, '51A', 7, 'mountain', false, '1329.99'),
('Carlton', 6, '52B', 3, 'sea', true, '349.99'),
('Carlton', 6, '53', 1, 'sea', true, '274.99'),
('Carlton', 6, '54', 6, 'sea', true, '279.99'),
('Carlton', 7, '21', 4, 'sea', true, '205.99'),
('Carlton', 7, '24A', 1, 'mountain', false, '250.99'),
('Carlton', 7, '55', 2, 'mountain', true, '393.99'),
('Carlton', 7, '56', 3, 'sea', true, '329.99'),
('Carlton', 7, '57A', 5, 'sea', false, '738.99'),
('Carlton', 8, '2', 3, 'sea', true, '338.99'),
('Carlton', 8, '3', 6, 'mountain', false, '241.99'),
('Carlton', 8, '32L', 2, 'sea', true, '344.99'),
('Carlton', 8, '35', 1, 'mountain', true, '240.99'),
('Carlton', 8, '58', 4, 'mountain', false, '440.99'),
('Fairmont', 1, '101', 2, 'sea', false, '250.99'),
('Fairmont', 1, '102', 3, 'mountain', false, '550.00'),
('Fairmont', 1, '103', 1, 'sea', true, '200.00'),
('Fairmont', 1, '104', 5, 'sea', true, '3000.99'),
('Fairmont', 1, '105', 1, 'sea', false, '150.00'),
('Fairmont', 2, '201', 1, 'mountain', false, '150.00'),
('Fairmont', 2, '202', 2, 'sea', true, '330.00'),
('Fairmont', 2, '203', 4, 'mountain', true, '1500.99'),
('Fairmont', 2, '204', 3, 'mountain', true, '500.99'),
('Fairmont', 2, '205', 2, 'sea', false, '200.00'),
('Fairmont', 3, '301', 4, 'mountain', false, '1550.00'),
('Fairmont', 3, '302', 3, 'mountain', true, '1250.99'),
('Fairmont', 3, '303', 3, 'sea', true, '1200.99'),
('Fairmont', 3, '304', 3, 'mountain', true, '1250.99'),
('Fairmont', 3, '305', 2, 'sea', false, '200.00'),
('Fairmont', 4, '401', 2, 'sea', false, '300.00'),
('Fairmont', 4, '402', 3, 'sea', false, '1200.99'),
('Fairmont', 4, '403', 1, 'mountain', true, '150.00'),
('Fairmont', 4, '404', 1, 'mountain', true, '150.00'),
('Fairmont', 4, '405', 4, 'mountain', true, '1700.00'),
('Fairmont', 5, '501', 3, 'mountain', true, '700.00'),
('Fairmont', 5, '502', 2, 'mountain', false, '250.99'),
('Fairmont', 5, '503', 2, 'sea', true, '300.00'),
('Fairmont', 5, '504', 4, 'sea', true, '1700.00'),
('Fairmont', 5, '505', 3, 'mountain', true, '700.00'),
('Fairmont', 6, '601', 1, 'sea', true, '150.00'),
('Fairmont', 6, '602', 2, 'sea', false, '250.99'),
('Fairmont', 6, '603', 3, 'mountain', true, '500.00'),
('Fairmont', 6, '604', 4, 'sea', true, '1200.00'),
('Fairmont', 6, '605', 5, 'sea', true, '1080.99'),
('Fairmont', 6, '701', 5, 'mountain', false, '2600.00'),
('Fairmont', 6, '702', 4, 'mountain', true, '1600.00'),
('Fairmont', 6, '703', 3, 'mountain', false, '1200.00'),
('Fairmont', 6, '704', 2, 'sea', false, '350.00'),
('Fairmont', 6, '705', 1, 'sea', false, '150.00'),
('Fairmont', 7, '001', 4, 'sea', false, '600.99'),
('Fairmont', 7, '002', 2, 'sea', false, '222.22'),
('Fairmont', 7, '003', 1, 'sea', false, '140.00'),
('Fairmont', 7, '004', 10, 'mountain', false, '2222.22'),
('Fairmont', 7, '005', 6, 'mountain', false, '999.99'),
('Fairmont', 8, '801', 3, 'mountain', false, '2050.99'),
('Fairmont', 8, '802', 2, 'sea', true, '200.00'),
('Fairmont', 8, '803', 1, 'sea', true, '150.99'),
('Fairmont', 8, '804', 2, 'sea', false, '250.50'),
('Fairmont', 8, '805', 4, 'mountain', false, '2700.50'),
('Hilton', 1, '001', 1, 'sea', false, '129.50'),
('Hilton', 1, '002', 4, 'sea', false, '780.00'),
('Hilton', 1, '003', 2, 'mountain', true, '513.99'),
('Hilton', 1, '004', 6, 'mountain', true, '1234.00'),
('Hilton', 1, '005', 8, 'sea', false, '999.99'),
('Hilton', 2, '01', 2, 'sea', false, '44.44'),
('Hilton', 2, '02', 4, 'mountain', true, '120.99'),
('Hilton', 2, '03', 1, 'sea', true, '13.85'),
('Hilton', 2, '04', 6, 'mountain', false, '350.00'),
('Hilton', 2, '05', 10, 'sea', false, '701.10'),
('Hilton', 3, '1A0', 1, 'sea', true, '17.70'),
('Hilton', 3, '1A1', 4, 'sea', true, '210.00'),
('Hilton', 3, '2A0', 5, 'mountain', false, '480.00'),
('Hilton', 3, '2A1', 2, 'sea', false, '1234.00'),
('Hilton', 3, '3A0', 11, 'sea', false, '1001.11'),
('Hilton', 4, '1', 1, 'sea', true, '30.00'),
('Hilton', 4, '2', 2, 'mountain', true, '60.00'),
('Hilton', 4, '3', 3, 'sea', false, '90.00'),
('Hilton', 4, '4', 4, 'sea', false, '120.00'),
('Hilton', 4, '5', 5, 'mountain', true, '150.00'),
('Hilton', 5, '101', 1, 'sea', true, '45.00'),
('Hilton', 5, '102', 3, 'sea', true, '650.00'),
('Hilton', 5, '103', 18, 'sea', false, '1999.99'),
('Hilton', 5, '201', 10, 'mountain', true, '2450.00'),
('Hilton', 5, '301', 5, 'mountain', true, '150.00'),
('Hilton', 6, '101', 1, 'sea', false, '100.00'),
('Hilton', 6, '201', 9, 'sea', true, '1100.00'),
('Hilton', 6, '203', 10, 'mountain', true, '799.99'),
('Hilton', 6, '401', 2, 'mountain', false, '1199.99'),
('Hilton', 6, '501', 4, 'sea', true, '559.99'),
('Hilton', 7, '100A', 18, 'sea', true, '6999.99'),
('Hilton', 7, '201A', 4, 'sea', false, '545.00'),
('Hilton', 7, '203B', 6, 'mountain', true, '699.99'),
('Hilton', 7, '401C', 1, 'mountain', true, '159.99'),
('Hilton', 7, '501A', 5, 'mountain', false, '210.00'),
('Hilton', 8, '001', 7, 'sea', true, '800.00'),
('Hilton', 8, '002', 4, 'mountain', true, '300.00'),
('Hilton', 8, '003', 2, 'sea', true, '172.73'),
('Hilton', 8, '004', 1, 'mountain', true, '80.00'),
('Hilton', 8, '005', 5, 'sea', true, '179.99'),
('Marriott', 1, '123C', 4, 'sea', false, '357.99'),
('Marriott', 1, '124B', 2, 'mountain', false, '229.99'),
('Marriott', 1, '150A', 3, 'sea', true, '249.99'),
('Marriott', 1, '5', 1, 'sea', false, '174.99'),
('Marriott', 1, '8', 6, 'sea', true, '179.99'),
('Marriott', 2, '21', 4, 'sea', true, '305.99'),
('Marriott', 2, '22', 2, 'mountain', true, '293.99'),
('Marriott', 2, '23', 3, 'sea', false, '229.99'),
('Marriott', 2, '24A', 1, 'mountain', false, '105.99'),
('Marriott', 2, '25A', 5, 'sea', true, '638.99'),
('Marriott', 3, '30', 4, 'mountain', false, '340.99'),
('Marriott', 3, '32L', 2, 'sea', false, '244.99'),
('Marriott', 3, '33', 3, 'sea', true, '238.99'),
('Marriott', 3, '34', 6, 'sea', false, '140.99'),
('Marriott', 3, '35', 1, 'mountain', true, '104.99'),
('Marriott', 4, '36A', 4, 'sea', false, '332.99'),
('Marriott', 4, '37', 2, 'mountain', false, '223.99'),
('Marriott', 4, '38B', 3, 'mountain', false, '334.99'),
('Marriott', 4, '39', 1, 'mountain', false, '155.99'),
('Marriott', 4, '40C', 5, 'mountain', true, '652.99'),
('Marriott', 5, '41A', 4, 'sea', true, '360.99'),
('Marriott', 5, '42A', 2, 'sea', false, '206.99'),
('Marriott', 5, '43A', 3, 'sea', true, '256.99'),
('Marriott', 5, '45', 1, 'mountain', false, '165.99'),
('Marriott', 5, '46', 6, 'sea', false, '107.99'),
('Marriott', 6, '50C', 4, 'mountain', false, '257.99'),
('Marriott', 6, '51B', 2, 'mountain', false, '129.99'),
('Marriott', 6, '52A', 3, 'sea', true, '149.99'),
('Marriott', 6, '53', 1, 'sea', true, '74.99'),
('Marriott', 6, '54', 6, 'sea', true, '79.99'),
('Marriott', 7, '21', 4, 'sea', true, '205.99'),
('Marriott', 7, '24A', 1, 'mountain', false, '50.99'),
('Marriott', 7, '55', 2, 'mountain', true, '193.99'),
('Marriott', 7, '56', 3, 'sea', false, '129.99'),
('Marriott', 7, '57A', 5, 'sea', false, '538.99'),
('Marriott', 8, '2', 3, 'sea', true, '138.99'),
('Marriott', 8, '3', 6, 'mountain', false, '41.99'),
('Marriott', 8, '32L', 2, 'sea', false, '144.99'),
('Marriott', 8, '35', 1, 'mountain', true, '40.99'),
('Marriott', 8, '58', 4, 'mountain', false, '240.99'),
('Sheraton', 1, '101', 3, 'mountain', true, '700.99'),
('Sheraton', 1, '102', 2, 'sea', true, '200.00'),
('Sheraton', 1, '103', 1, 'sea', true, '150.99'),
('Sheraton', 1, '104', 2, 'sea', false, '250.50'),
('Sheraton', 1, '105', 4, 'mountain', false, '2700.50'),
('Sheraton', 2, '201', 1, 'sea', true, '150.00'),
('Sheraton', 2, '202', 1, 'sea', true, '150.00'),
('Sheraton', 2, '203', 1, 'mountain', false, '50.00'),
('Sheraton', 2, '204', 4, 'mountain', false, '2700.50'),
('Sheraton', 2, '205', 2, 'sea', true, '300.00'),
('Sheraton', 3, '301', 4, 'mountain', false, '2700.50'),
('Sheraton', 3, '302', 5, 'mountain', true, '2500.99'),
('Sheraton', 3, '303', 2, 'sea', false, '450.50'),
('Sheraton', 3, '304', 2, 'mountain', true, '350.50'),
('Sheraton', 3, '305', 3, 'sea', true, '250.50'),
('Sheraton', 4, '401', 1, 'mountain', true, '200.50'),
('Sheraton', 4, '402', 3, 'sea', true, '1500.60'),
('Sheraton', 4, '403', 1, 'sea', true, '150.00'),
('Sheraton', 4, '404', 1, 'mountain', false, '50.00'),
('Sheraton', 4, '405', 5, 'sea', true, '3050.50'),
('Sheraton', 5, '501', 1, 'sea', true, '150.60'),
('Sheraton', 5, '502', 1, 'sea', true, '150.60'),
('Sheraton', 5, '503', 1, 'mountain', true, '150.00'),
('Sheraton', 5, '504', 1, 'mountain', false, '90.00'),
('Sheraton', 5, '505', 5, 'mountain', true, '3050.50'),
('Sheraton', 6, '601', 3, 'mountain', true, '700.99'),
('Sheraton', 6, '602', 2, 'sea', true, '200.00'),
('Sheraton', 6, '603', 1, 'sea', true, '150.99'),
('Sheraton', 6, '604', 2, 'sea', false, '250.50'),
('Sheraton', 6, '605', 4, 'mountain', false, '2700.50'),
('Sheraton', 7, '701', 1, 'sea', true, '150.00'),
('Sheraton', 7, '702', 1, 'sea', true, '150.00'),
('Sheraton', 7, '703', 1, 'mountain', false, '50.00'),
('Sheraton', 7, '704', 4, 'mountain', false, '2700.50'),
('Sheraton', 7, '705', 2, 'sea', true, '300.00'),
('Sheraton', 8, '801', 4, 'mountain', false, '2700.50'),
('Sheraton', 8, '802', 5, 'mountain', true, '2500.99'),
('Sheraton', 8, '803', 2, 'sea', false, '450.50'),
('Sheraton', 8, '804', 2, 'mountain', true, '350.50'),
('Sheraton', 8, '805', 3, 'sea', true, '250.50');



INSERT INTO Person VALUES
('56385748', 'Zayne', 'Null', 'Snow', '123 Asko', 'L1Q2QA', 'Linkon City', 'Woah Prov', 'Woah Country'),
('56385749', 'Ayne', 'Null', 'Snowy', '123 Aski', 'L1Q2QB', 'Linkon City', 'Woah Prov', 'Woah Country'),
('56385779', 'Vanny', 'Null', 'Joke', '123 Funny Street', 'K1P2QB', 'Laugh City', 'Smile Prov', 'Happy Country');

INSERT INTO Customer VALUES ('56385748'), ('56385749'), ('56385779');

INSERT INTO Booking VALUES
-- ('56385748', 'Carlton', 1, '123A', true, 0, '12:15', '2025-04-17', '17:15', '2025-04-19', 'pending'); --should work since first one so no conflicts
-- ('56385749', 'Carlton', 1, '123A', true, 0, '13:00', '2025-04-17', '20:15', '2025-04-19', 'pending'); -- shouldn't work due to trigger
('56385779', 'Carlton', 1, '123A', true, 0, '12:15', '2025-04-20', '7:15', '2025-04-24', 'pending'); --should work since no conflicts
